{"episode_types": ["t"], "episode_rewards": [-2624.9530921227133], "initial_reset_timestamp": 1527791565.2197032, "timestamps": [1527791568.3593047], "episode_lengths": [50]}