{"episode_rewards": [-2710.5222068665576], "episode_lengths": [50], "episode_types": ["t"], "initial_reset_timestamp": 1528633400.1187997, "timestamps": [1528633402.7351875]}