{"episode_rewards": [-2102.258058336138], "episode_lengths": [50], "episode_types": ["t"], "initial_reset_timestamp": 1528038313.3441896, "timestamps": [1528038315.984021]}