{"initial_reset_timestamp": 1527809898.5566292, "timestamps": [1527809899.3350632, 1527809899.3822582, 1527809899.3875751, 1527809899.3910782, 1527809899.395427, 1527809899.402029, 1527809899.4033492, 1527809899.408527, 1527809899.4117703, 1527809899.4138138, 1527809901.1313803, 1527809901.182099, 1527809901.188923, 1527809901.1920936, 1527809901.1959043, 1527809901.198165, 1527809901.2007244, 1527809901.2024372, 1527809901.209116, 1527809901.211251, 1527809906.0849762, 1527809906.2192545, 1527809906.235354, 1527809906.2419102, 1527809906.244538, 1527809906.2497227, 1527809906.2543998, 1527809906.2643151, 1527809906.2712874, 1527809906.2760186, 1527809907.9995458, 1527809908.1023965, 1527809908.105263, 1527809908.1078172, 1527809908.1140733, 1527809908.1188223, 1527809908.1209984, 1527809908.1242456, 1527809908.1348858, 1527809908.1382873, 1527809914.1395576, 1527809914.2578244, 1527809914.2607071, 1527809914.263111, 1527809914.2673998, 1527809914.284843, 1527809914.3081057, 1527809914.3167589, 1527809914.323588, 1527809914.333406, 1527809916.9725733, 1527809917.0706694, 1527809917.0745327, 1527809917.0766184, 1527809917.0813217, 1527809917.0853932, 1527809917.087464, 1527809917.090515, 1527809917.0926201, 1527809917.0941484, 1527809922.2840414, 1527809922.4432156, 1527809922.4487052, 1527809922.4538198, 1527809922.47328, 1527809922.482155, 1527809922.4944572, 1527809922.5135245, 1527809922.530332, 1527809922.5563827, 1527809927.0096142, 1527809927.2174854, 1527809927.2280984, 1527809927.2484324, 1527809927.2772167, 1527809927.2906287, 1527809927.2931638, 1527809927.317101, 1527809927.3247573, 1527809927.3386884, 1527809936.0536275, 1527809936.1915843, 1527809936.2211466, 1527809936.254189, 1527809936.2766454, 1527809936.2948027, 1527809936.3082197, 1527809936.3263242, 1527809936.3459697, 1527809936.3738194, 1527809941.4246829, 1527809941.5682504, 1527809941.5855348, 1527809941.604055, 1527809941.6272168, 1527809941.6533866, 1527809941.6793978, 1527809941.6812234, 1527809941.692741, 1527809941.729551, 1527809949.9384632, 1527809950.0848525, 1527809950.108637, 1527809950.1848052, 1527809950.215354, 1527809950.2465618, 1527809950.292672, 1527809950.3392944, 1527809950.3772233, 1527809950.4229028, 1527809961.6691732, 1527809961.8071933, 1527809961.8118484, 1527809961.8316665, 1527809961.847598, 1527809961.8692894, 1527809961.8871055, 1527809961.8897333, 1527809961.9045675, 1527809961.9399307, 1527809969.6503367, 1527809969.8014455, 1527809969.8302197, 1527809969.8671467, 1527809969.901576, 1527809969.9290361, 1527809969.9523847, 1527809969.9753227, 1527809969.992127, 1527809970.0098045, 1527809977.544493, 1527809977.6874533, 1527809977.715361, 1527809977.761864, 1527809977.8020399, 1527809977.8351688, 1527809977.8674855, 1527809977.8989449, 1527809977.9195323, 1527809977.956054, 1527809985.589869, 1527809985.7479494, 1527809985.7719238, 1527809985.8219736, 1527809985.855268, 1527809985.8841305, 1527809985.9338012, 1527809985.9935281, 1527809986.0295997, 1527809986.046527, 1527809995.4004552, 1527809995.5586636, 1527809995.5860767, 1527809995.6152816, 1527809995.6587024, 1527809995.6792254, 1527809995.7130032, 1527809995.7289262, 1527809995.7414486, 1527809995.7642293, 1527810006.4157636, 1527810006.5760217, 1527810006.5974634, 1527810006.622184, 1527810006.672902, 1527810006.7095456, 1527810006.7589889, 1527810006.785232, 1527810006.8218658, 1527810006.8451223, 1527810014.7103791, 1527810014.844419, 1527810014.874934, 1527810014.9171555, 1527810014.9454439, 1527810014.9905224, 1527810015.0202658, 1527810015.0593374, 1527810015.0831716, 1527810015.1102328, 1527810030.437053, 1527810030.6072283, 1527810030.6495624, 1527810030.703132, 1527810030.7627382, 1527810030.7991953, 1527810030.8245418, 1527810030.8465576, 1527810030.8757179, 1527810030.8990674, 1527810044.036035, 1527810044.23377, 1527810044.2792125, 1527810044.3165526, 1527810044.4538, 1527810044.4915676, 1527810044.5190723, 1527810044.5534368, 1527810044.5783617, 1527810044.615545, 1527810083.4529433, 1527810083.807335, 1527810083.8612468, 1527810084.0896766, 1527810084.2025027, 1527810084.4649286, 1527810084.5293846, 1527810084.6124659, 1527810084.8754086, 1527810084.9928973, 1527810121.5147243, 1527810121.8963702, 1527810122.1050804, 1527810122.3361793, 1527810122.3694768, 1527810122.616854, 1527810122.9388506, 1527810123.0692306, 1527810123.1331673, 1527810123.226654, 1527810201.3974676, 1527810201.8101404, 1527810202.1917639, 1527810202.615096, 1527810203.0754056, 1527810203.4869802, 1527810203.9596937, 1527810204.1521714, 1527810204.5706499, 1527810205.0777855, 1527810278.96865, 1527810279.5462687, 1527810279.9693024, 1527810280.359538, 1527810280.8196726, 1527810281.2866259, 1527810281.7137334, 1527810282.0390506, 1527810282.415702, 1527810282.7075703], "episode_lengths": [8, 4, 12, 8, 9, 16, 3, 12, 7, 4, 6, 4, 16, 7, 8, 5, 5, 4, 16, 4, 23, 6, 37, 15, 6, 12, 11, 24, 16, 11, 5, 10, 6, 6, 16, 12, 5, 8, 28, 8, 24, 15, 7, 7, 11, 52, 69, 20, 16, 24, 19, 5, 13, 6, 17, 15, 7, 11, 7, 5, 24, 18, 15, 17, 70, 31, 44, 69, 52, 85, 49, 11, 29, 53, 75, 30, 5, 61, 19, 36, 68, 36, 73, 82, 54, 52, 43, 59, 61, 68, 54, 48, 56, 61, 78, 95, 91, 5, 42, 120, 59, 87, 58, 190, 76, 77, 118, 119, 106, 113, 138, 69, 13, 69, 58, 79, 65, 8, 54, 90, 57, 91, 73, 95, 86, 73, 84, 83, 60, 62, 91, 66, 68, 118, 123, 82, 99, 115, 74, 108, 65, 124, 58, 124, 88, 71, 152, 197, 133, 61, 114, 95, 105, 114, 165, 79, 130, 61, 48, 87, 107, 140, 81, 95, 192, 118, 190, 99, 141, 90, 98, 87, 107, 158, 108, 170, 105, 112, 78, 93, 167, 127, 155, 171, 211, 133, 92, 80, 106, 84, 170, 189, 112, 123, 422, 128, 98, 125, 90, 102, 478, 790, 206, 878, 424, 1000, 247, 318, 1000, 449, 496, 759, 632, 705, 118, 728, 978, 324, 158, 231, 1000, 1000, 1000, 1000, 1000, 1000, 1000, 422, 1000, 1000, 1000, 1000, 1000, 1000, 1000, 1000, 1000, 1000, 1000, 1000], "episode_rewards": [8.0, 4.0, 12.0, 8.0, 9.0, 16.0, 3.0, 12.0, 7.0, 4.0, 6.0, 4.0, 16.0, 7.0, 8.0, 5.0, 5.0, 4.0, 16.0, 4.0, 23.0, 6.0, 37.0, 15.0, 6.0, 12.0, 11.0, 24.0, 16.0, 11.0, 5.0, 10.0, 6.0, 6.0, 16.0, 12.0, 5.0, 8.0, 28.0, 8.0, 24.0, 15.0, 7.0, 7.0, 11.0, 52.0, 69.0, 20.0, 16.0, 24.0, 19.0, 5.0, 13.0, 6.0, 17.0, 15.0, 7.0, 11.0, 7.0, 5.0, 24.0, 18.0, 15.0, 17.0, 70.0, 31.0, 44.0, 69.0, 52.0, 85.0, 49.0, 11.0, 29.0, 53.0, 75.0, 30.0, 5.0, 61.0, 19.0, 36.0, 68.0, 36.0, 73.0, 82.0, 54.0, 52.0, 43.0, 59.0, 61.0, 68.0, 54.0, 48.0, 56.0, 61.0, 78.0, 95.0, 91.0, 5.0, 42.0, 120.0, 59.0, 87.0, 58.0, 190.0, 76.0, 77.0, 118.0, 119.0, 106.0, 113.0, 138.0, 69.0, 13.0, 69.0, 58.0, 79.0, 65.0, 8.0, 54.0, 90.0, 57.0, 91.0, 73.0, 95.0, 86.0, 73.0, 84.0, 83.0, 60.0, 62.0, 91.0, 66.0, 68.0, 118.0, 123.0, 82.0, 99.0, 115.0, 74.0, 108.0, 65.0, 124.0, 58.0, 124.0, 88.0, 71.0, 152.0, 197.0, 133.0, 61.0, 114.0, 95.0, 105.0, 114.0, 165.0, 79.0, 130.0, 61.0, 48.0, 87.0, 107.0, 140.0, 81.0, 95.0, 192.0, 118.0, 190.0, 99.0, 141.0, 90.0, 98.0, 87.0, 107.0, 158.0, 108.0, 170.0, 105.0, 112.0, 78.0, 93.0, 167.0, 127.0, 155.0, 171.0, 211.0, 133.0, 92.0, 80.0, 106.0, 84.0, 170.0, 189.0, 112.0, 123.0, 422.0, 128.0, 98.0, 125.0, 90.0, 102.0, 478.0, 790.0, 206.0, 878.0, 424.0, 1000.0, 247.0, 318.0, 1000.0, 449.0, 496.0, 759.0, 632.0, 705.0, 118.0, 728.0, 978.0, 324.0, 158.0, 231.0, 1000.0, 1000.0, 1000.0, 1000.0, 1000.0, 1000.0, 1000.0, 422.0, 1000.0, 1000.0, 1000.0, 1000.0, 1000.0, 1000.0, 1000.0, 1000.0, 1000.0, 1000.0, 1000.0, 1000.0],