{"initial_reset_timestamp": 1528748173.8109071, "timestamps": [1528748190.8168266, 1528748207.5052376, 1528748224.1881397, 1528748240.8720226, 1528748257.552179, 1528748274.235217], "episode_lengths": [1000, 1000, 1000, 1000, 1000, 1000], "episode_rewards": [1483.0625, 1531.7720947265625, 1499.1224365234375, 1445.91748046875, 1516.6368408203125, 1502.860595703125], "episode_types": ["t", "t", "t", "t", "t", "t", "t"]}